nivel_riesgo,cantidad,valor_total,porcentaje
Ideal,14,1033961,14.000000000000002
Bajo,23,1016875,23.0
Medio,29,596298,28.999999999999996
Alto,34,4283,34.0
