Nivel,Cantidad,Porcentaje,Valor_Total
Ideal,12,17.91044776119403,595622
Bajo,18,26.865671641791046,928166
Medio,10,14.925373134328357,383964
Alto,27,40.298507462686565,743665
