nivel_riesgo,cantidad,valor_total,porcentaje
Ideal,7,574806,10.44776119402985
Bajo,14,785555,20.8955223880597
Medio,36,1126132,53.73134328358209
Alto,10,164924,14.925373134328357
